timestamp,pair,actual_te,predicted_te,residual
2026-05-08 18:30:00+00:00,SPY_^GSPC,5.380400214531272e-05,7.157769340467775e-05,-1.777369125936503e-05
2026-05-08 18:30:00+00:00,QQQ_^NDX,6.703618339628348e-05,7.514107184891712e-05,-8.104888452633636e-06
2026-05-08 18:35:00+00:00,SPY_^GSPC,5.3814331742880606e-05,7.202792668155016e-05,-1.8213594938669554e-05
2026-05-08 18:35:00+00:00,QQQ_^NDX,6.466621783985567e-05,7.462309106286166e-05,-9.956873223005986e-06
2026-05-08 18:40:00+00:00,URTH_ACWI,0.00023009931981962843,0.00028908604892775375,-5.898672910812532e-05
2026-05-08 18:40:00+00:00,SPY_^GSPC,4.611275152199039e-05,6.843311630470916e-05,-2.232036478271877e-05
2026-05-08 18:40:00+00:00,QQQ_^NDX,6.425652928040142e-05,7.84822760261919e-05,-1.4225746745790481e-05
2026-05-08 18:45:00+00:00,SPY_^GSPC,4.567837787884418e-05,6.837412126371463e-05,-2.2695743384870444e-05
2026-05-08 18:45:00+00:00,QQQ_^NDX,5.8347427759634255e-05,8.198667364153867e-05,-2.363924588190441e-05
2026-05-08 18:45:00+00:00,URTH_ACWI,0.0002312106402451261,0.0003421645650299924,-0.00011095392478486631
2026-05-08 18:50:00+00:00,QQQ_^NDX,5.9750825005052733e-05,7.276754485214852e-05,-1.301671984709579e-05
2026-05-08 18:50:00+00:00,SPY_^GSPC,4.2717562064964474e-05,7.57386629876736e-05,-3.302110092270913e-05
2026-05-08 18:50:00+00:00,URTH_ACWI,0.0002350730619546951,0.000337610504605238,-0.00010253744265054289
2026-05-08 18:55:00+00:00,SPY_^GSPC,4.501243150877563e-05,7.205361426385449e-05,-2.7041182755078853e-05
2026-05-08 18:55:00+00:00,QQQ_^NDX,6.234584474816462e-05,8.04356080577436e-05,-1.8089763309578978e-05
2026-05-08 18:55:00+00:00,URTH_ACWI,0.00023545868863605144,0.0003435548816483193,-0.00010809619301226783
2026-05-08 19:00:00+00:00,QQQ_^NDX,6.23544276208646e-05,8.271002961564952e-05,-2.0355601994784917e-05
2026-05-08 19:00:00+00:00,SPY_^GSPC,4.5056436600105025e-05,7.327304663541649e-05,-2.8216610035311466e-05
2026-05-08 19:05:00+00:00,QQQ_^NDX,6.223771494794627e-05,8.356073355614483e-05,-2.132301860819856e-05
2026-05-08 19:05:00+00:00,URTH_ACWI,0.00022980511269716575,0.0003316275332732935,-0.00010182242057612775
2026-05-08 19:05:00+00:00,SPY_^GSPC,4.5749092086870015e-05,7.179933218760344e-05,-2.6050240100733427e-05
2026-05-08 19:10:00+00:00,SPY_^GSPC,4.333108055238557e-05,6.896035274152045e-05,-2.5629272189134873e-05
2026-05-08 19:10:00+00:00,QQQ_^NDX,5.802298148040846e-05,8.240845969271568e-05,-2.438547821230722e-05
2026-05-08 19:15:00+00:00,URTH_ACWI,0.00023488494717207163,0.0002737685036812106,-3.8883556509138956e-05
2026-05-08 19:15:00+00:00,SPY_^GSPC,4.304508128414453e-05,6.522113084305337e-05,-2.2176049558908842e-05
2026-05-08 19:15:00+00:00,QQQ_^NDX,5.6970727136072076e-05,7.967567100599813e-05,-2.2704943869926057e-05
2026-05-08 19:20:00+00:00,URTH_ACWI,0.00024166381960480504,0.0002898889025964003,-4.822508299159528e-05
2026-05-08 19:20:00+00:00,QQQ_^NDX,6.0605394576760026e-05,8.165914952304073e-05,-2.1053754946280705e-05
2026-05-08 19:20:00+00:00,SPY_^GSPC,4.140114879907853e-05,6.807377719414697e-05,-2.6672628395068434e-05
2026-05-08 19:25:00+00:00,SPY_^GSPC,4.026112989543918e-05,7.142654800615943e-05,-3.116541811072025e-05
2026-05-08 19:25:00+00:00,QQQ_^NDX,6.122007683262247e-05,7.987790577735176e-05,-1.8657828944729286e-05
2026-05-08 19:25:00+00:00,URTH_ACWI,0.0002450923079223716,0.0002606217628727574,-1.5529454950385815e-05
2026-05-08 19:30:00+00:00,URTH_ACWI,0.0002438038262679939,0.00024150263054363092,2.3011957243629767e-06
2026-05-08 19:30:00+00:00,QQQ_^NDX,6.0702435159346155e-05,8.445080958671628e-05,-2.374837442737012e-05
2026-05-08 19:30:00+00:00,SPY_^GSPC,4.066187764268208e-05,7.371953069895668e-05,-3.30576530562746e-05
2026-05-08 19:35:00+00:00,SPY_^GSPC,4.0457532062829046e-05,7.457484254391451e-05,-3.411731048108547e-05
2026-05-08 19:35:00+00:00,QQQ_^NDX,6.172511087310444e-05,8.420488966353403e-05,-2.2479778790429592e-05
2026-05-08 19:35:00+00:00,URTH_ACWI,0.0002434150437054586,0.00023234142952016404,1.1073614185294563e-05
2026-05-08 19:40:00+00:00,SPY_^GSPC,4.422397370842459e-05,7.020791979326553e-05,-2.598394608484094e-05
2026-05-08 19:40:00+00:00,QQQ_^NDX,6.191675519189572e-05,8.340771259030436e-05,-2.149095739840864e-05
2026-05-08 19:40:00+00:00,URTH_ACWI,0.0002515726842384918,0.00020940460191478695,4.216808232370485e-05
2026-05-08 19:45:00+00:00,SPY_^GSPC,4.496034926324794e-05,6.69493825781955e-05,-2.1989033314947557e-05
2026-05-08 19:45:00+00:00,QQQ_^NDX,6.235285604253059e-05,7.84976629726808e-05,-1.6144806930150208e-05
2026-05-08 19:45:00+00:00,URTH_ACWI,0.0002585175305757826,0.000221074823386899,3.744270718888357e-05
2026-05-08 19:50:00+00:00,SPY_^GSPC,5.868190136439037e-05,6.901171023614292e-05,-1.0329808871752553e-05
2026-05-08 19:50:00+00:00,URTH_ACWI,0.0002639894087675351,0.000247541343654258,1.644806511327709e-05
2026-05-08 19:50:00+00:00,QQQ_^NDX,7.314298414631156e-05,8.267130070299553e-05,-9.528316556683963e-06
2026-05-08 19:55:00+00:00,SPY_^GSPC,5.9540437989434816e-05,6.455315784926873e-05,-5.012719859833918e-06
2026-05-08 19:55:00+00:00,URTH_ACWI,0.0002846491548901405,0.00025134455273582957,3.3304602154310956e-05
2026-05-08 19:55:00+00:00,QQQ_^NDX,8.839013955738985e-05,8.042896576775115e-05,7.9611737896387e-06
2026-05-11 12:40:00+00:00,BNKE.L_^STOXX50E,0.0006282546648179253,0.0002705779265004262,0.00035767673831749907
2026-05-11 12:55:00+00:00,BNKE.L_^STOXX50E,0.000788823815131377,0.0002767172222455785,0.0005121065928857985
2026-05-11 13:05:00+00:00,BNKE.L_^STOXX50E,0.000788969277594939,0.0002723117841479672,0.0005166574934469719
2026-05-11 13:15:00+00:00,BNKE.L_^STOXX50E,0.0007877089898074208,0.0002409183532099947,0.0005467906365974262
2026-05-11 13:20:00+00:00,BNKE.L_^STOXX50E,0.0007790565270358939,0.0002699428145256913,0.0005091137125102026
2026-05-11 13:25:00+00:00,BNKE.L_^STOXX50E,0.000839790897354448,0.0002661981256117434,0.0005735927717427046
2026-05-11 13:30:00+00:00,SPY_^GSPC,6.316825345552163e-05,7.343138912238755e-05,-1.0263135666865918e-05
2026-05-11 13:30:00+00:00,QQQ_^NDX,0.00011669251535279691,0.00011560424551674075,1.0882698360561554e-06
2026-05-11 13:30:00+00:00,URTH_ACWI,0.0002717235463135646,0.000255246369238861,1.6477177074703626e-05
2026-05-11 13:35:00+00:00,URTH_ACWI,0.0002786948179688574,0.00022294706936431624,5.574774860454118e-05
2026-05-11 13:35:00+00:00,BNKE.L_^STOXX50E,0.0008664812076213687,0.00024947420329258976,0.0006170070043287789
2026-05-11 13:35:00+00:00,QQQ_^NDX,0.00011602404040069884,0.0001337859779858101,-1.7761937585111256e-05
2026-05-11 13:35:00+00:00,SPY_^GSPC,6.319663786917172e-05,7.415705552969311e-05,-1.0960417660521392e-05
2026-05-11 13:40:00+00:00,URTH_ACWI,0.0002869380353151252,0.00026364712881538863,2.3290906499736578e-05
2026-05-11 13:40:00+00:00,SPY_^GSPC,6.253168093831325e-05,7.363294201491092e-05,-1.1101261076597665e-05
2026-05-11 13:40:00+00:00,QQQ_^NDX,0.00011603854692535273,0.0001322139809709738,-1.6175434045621073e-05
2026-05-11 13:40:00+00:00,BNKE.L_^STOXX50E,0.0009771010772319701,0.00024560091912016995,0.0007315001581118002
2026-05-11 13:45:00+00:00,QQQ_^NDX,0.00012127563226953915,0.00013420470966826848,-1.2929077398729323e-05
2026-05-11 13:45:00+00:00,URTH_ACWI,0.00029113021095607283,0.00023347254189115302,5.765766906491981e-05
2026-05-11 13:45:00+00:00,SPY_^GSPC,6.391169242979833e-05,7.232775982537287e-05,-8.416067395574536e-06
2026-05-11 13:50:00+00:00,SPY_^GSPC,6.671926869614529e-05,8.490043125682537e-05,-1.818116256068008e-05
2026-05-11 13:50:00+00:00,URTH_ACWI,0.0002641082212994044,0.0002799923857145956,-1.5884164415191178e-05
2026-05-11 13:50:00+00:00,QQQ_^NDX,0.00012003321211784413,0.00013685334070280994,-1.6820128584965814e-05
2026-05-11 13:55:00+00:00,BNK.PA_^FCHI,0.0009562399462794022,0.00026108879073524354,0.0006951511555441587
2026-05-11 13:55:00+00:00,QQQ_^NDX,0.00014746158781319194,0.00014232776837513984,5.133819438052101e-06
2026-05-11 13:55:00+00:00,URTH_ACWI,0.0002683170066416065,0.00026734214900286924,9.74857638737258e-07
2026-05-11 13:55:00+00:00,BNKE.L_^STOXX50E,0.0009560506226172882,0.00024099532439927007,0.0007150552982180181
2026-05-11 13:55:00+00:00,SPY_^GSPC,6.947755307017172e-05,0.00010032186656327919,-3.084431349310747e-05
2026-05-11 14:00:00+00:00,SPY_^GSPC,7.098845851200738e-05,0.00010116368922491719,-3.017523071290981e-05
2026-05-11 14:00:00+00:00,URTH_ACWI,0.0002759450059090596,0.00029200547564005915,-1.6060469730999572e-05
2026-05-11 14:00:00+00:00,BNKE.L_^STOXX50E,0.0010156654250804502,0.00023459830498562666,0.0007810671200948236
2026-05-11 14:00:00+00:00,QQQ_^NDX,0.00015490136092790504,0.00014282298588750417,1.2078375040400864e-05
2026-05-11 14:05:00+00:00,BNK.PA_^FCHI,0.0008979155998002563,0.00026174073481561406,0.0006361748649846423
2026-05-11 14:05:00+00:00,QQQ_^NDX,0.0001522105416898133,0.0001416615580545499,1.0548983635263391e-05
2026-05-11 14:05:00+00:00,SPY_^GSPC,7.178252538294331e-05,9.202234854412602e-05,-2.023982316118271e-05
2026-05-11 14:05:00+00:00,BNKE.L_^STOXX50E,0.0010129986844443252,0.00024176977768697582,0.0007712289067573494
2026-05-11 14:05:00+00:00,URTH_ACWI,0.00028133810081613713,0.0002891397541163173,-7.801653300180164e-06
2026-05-11 14:10:00+00:00,SPY_^GSPC,7.487370676200148e-05,9.275934561216883e-05,-1.7885638850167356e-05
2026-05-11 14:10:00+00:00,QQQ_^NDX,0.00015224913155235595,0.0001400442569760243,1.2204874576331637e-05
2026-05-11 14:10:00+00:00,URTH_ACWI,0.00027796112152614165,0.0002710054946362489,6.955626889892756e-06
2026-05-11 14:15:00+00:00,BNK.PA_^FCHI,0.0008650656163604211,0.00025916586215703733,0.0006058997542033838
2026-05-11 14:15:00+00:00,SPY_^GSPC,7.518014595322623e-05,8.227049385489538e-05,-7.090347901669158e-06
2026-05-11 14:15:00+00:00,QQQ_^NDX,0.0001533877964814548,0.00013461236453975002,1.877543194170477e-05
2026-05-11 14:15:00+00:00,URTH_ACWI,0.0002843533585078192,0.00027900814626687797,5.345212240941209e-06
2026-05-11 14:20:00+00:00,SPY_^GSPC,7.665689253012528e-05,8.754236464979661e-05,-1.0885472119671335e-05
2026-05-11 14:20:00+00:00,URTH_ACWI,0.00032478871131209566,0.00028741941776056526,3.73692935515304e-05
2026-05-11 14:20:00+00:00,QQQ_^NDX,0.000155646997617893,0.00013661457066089513,1.9032426956997877e-05
2026-05-11 14:20:00+00:00,BNKE.L_^STOXX50E,0.0010386546312396402,0.00024453865155001135,0.0007941159796896289
2026-05-11 14:20:00+00:00,BNK.PA_^FCHI,0.0008456980150346345,0.0002555512725139082,0.0005901467425207263
2026-05-11 14:25:00+00:00,SPY_^GSPC,7.641696316108317e-05,8.711105407746694e-05,-1.0694090916383772e-05
2026-05-11 14:25:00+00:00,URTH_ACWI,0.0003279331436991453,0.00029559040829580904,3.2342735403336246e-05
2026-05-11 14:25:00+00:00,BNKE.L_^STOXX50E,0.0010764624410662244,0.00023426820188385107,0.0008421942391823733
2026-05-11 14:25:00+00:00,BNK.PA_^FCHI,0.0008766603479414269,0.0002573974633880193,0.0006192628845534076
2026-05-11 14:25:00+00:00,QQQ_^NDX,0.00015755510629483682,0.00013281103831239494,2.474406798244188e-05
2026-05-11 14:30:00+00:00,BNK.PA_^FCHI,0.0008986224367670839,0.00025298949970088236,0.0006456329370662016
2026-05-11 14:30:00+00:00,SPY_^GSPC,7.800055630102337e-05,9.233678178651773e-05,-1.4336225485494364e-05
2026-05-11 14:30:00+00:00,URTH_ACWI,0.00034795527961222064,0.0002943101947738986,5.364508483832203e-05
2026-05-11 14:30:00+00:00,QQQ_^NDX,0.00015835208053280336,0.00016405677776212143,-5.704697229318075e-06
2026-05-11 14:35:00+00:00,SPY_^GSPC,7.811955967475553e-05,9.539896020705311e-05,-1.7279400532297577e-05
2026-05-11 14:35:00+00:00,URTH_ACWI,0.0003446760722424013,0.00032089385162270047,2.378222061970081e-05
2026-05-11 14:35:00+00:00,QQQ_^NDX,0.0001571552986560669,0.0001611705558238609,-4.0152571677940126e-06
2026-05-11 14:35:00+00:00,BNKE.L_^STOXX50E,0.001094171574761968,0.00024188765091432665,0.0008522839238476413
2026-05-11 14:35:00+00:00,BNK.PA_^FCHI,0.0008252492642091168,0.0002565580594337133,0.0005686912047754035
2026-05-11 14:40:00+00:00,BNK.PA_^FCHI,0.000822281893620543,0.0002564960050580494,0.0005657858885624936
2026-05-11 14:40:00+00:00,QQQ_^NDX,0.00015809671023044305,0.00013404536709801947,2.4051343132423575e-05
2026-05-11 14:40:00+00:00,BNKE.L_^STOXX50E,0.0011094440784651205,0.00024448395517028383,0.0008649601232948367
2026-05-11 14:40:00+00:00,SPY_^GSPC,8.167923703651151e-05,9.472013662894041e-05,-1.3040899592428894e-05
2026-05-11 14:45:00+00:00,SPY_^GSPC,8.408345024642736e-05,9.341862903866617e-05,-9.335178792238818e-06
2026-05-11 14:45:00+00:00,URTH_ACWI,0.00035245286435705794,0.00032691906390126905,2.5533800455788892e-05
2026-05-11 14:45:00+00:00,BNKE.L_^STOXX50E,0.0010907179191157398,0.00023871535577091766,0.0008520025633448222
2026-05-11 14:45:00+00:00,QQQ_^NDX,0.00016002576205541814,0.00013381194932373755,2.6213812731680595e-05
2026-05-11 14:50:00+00:00,BNKE.L_^STOXX50E,0.001095747268453502,0.00024116441165632568,0.0008545828567971764
2026-05-11 14:50:00+00:00,QQQ_^NDX,0.00016311148867395695,0.0001121923330550431,5.091915561891385e-05
2026-05-11 14:50:00+00:00,SPY_^GSPC,8.067857589164783e-05,8.957309839426766e-05,-8.894522502619825e-06
2026-05-11 14:50:00+00:00,BNK.PA_^FCHI,0.0008349680639450258,0.0002592514526460349,0.0005757166112989908
2026-05-11 14:50:00+00:00,URTH_ACWI,0.00035318880379421933,0.00030003637341816596,5.315243037605337e-05
2026-05-11 14:55:00+00:00,URTH_ACWI,0.0003492378185600099,0.0002984067491726256,5.083106938738428e-05
2026-05-11 14:55:00+00:00,SPY_^GSPC,7.955978745052712e-05,8.974187953628393e-05,-1.0182092085756804e-05
2026-05-11 14:55:00+00:00,QQQ_^NDX,0.00016263750095437752,0.00011317863811104144,4.945886284333607e-05
2026-05-11 14:55:00+00:00,BNKE.L_^STOXX50E,0.001099435873635827,0.00024072864567327684,0.0008587072279625502
2026-05-11 15:00:00+00:00,SPY_^GSPC,7.57161649395417e-05,7.440369092518555e-05,1.3124740143561449e-06
2026-05-11 15:00:00+00:00,QQQ_^NDX,0.00015953595060137651,0.00012497899948409904,3.455695111727748e-05
2026-05-11 15:00:00+00:00,BNK.PA_^FCHI,0.0007875488494849479,0.00025489543564243466,0.0005326534138425132
2026-05-11 15:05:00+00:00,BNKE.L_^STOXX50E,0.0011026008614098781,0.00024075739137085608,0.0008618434700390221
2026-05-11 15:05:00+00:00,BNK.PA_^FCHI,0.0007825291003771,0.0002576594847990092,0.0005248696155780907
2026-05-11 15:05:00+00:00,QQQ_^NDX,0.00015384794861414113,0.00012738418224008844,2.6463766374052686e-05
2026-05-11 15:05:00+00:00,URTH_ACWI,0.0003447802603129596,0.00031515928225537806,2.9620978057581543e-05
2026-05-11 15:05:00+00:00,SPY_^GSPC,8.051443869762877e-05,7.1584582219043e-05,8.929856478585776e-06
2026-05-11 15:10:00+00:00,QQQ_^NDX,0.00014327261310584198,0.00011956412737371473,2.3708485732127247e-05
2026-05-11 15:10:00+00:00,URTH_ACWI,0.00034960364088637916,0.00031292431394946236,3.6679326936916795e-05
2026-05-11 15:10:00+00:00,BNKE.L_^STOXX50E,0.001120705516452934,0.00023572660650346156,0.0008849789099494726
2026-05-11 15:10:00+00:00,SPY_^GSPC,7.752533632902371e-05,7.773068226151325e-05,-2.0534593248953817e-07
2026-05-11 15:15:00+00:00,SPY_^GSPC,7.668169259496118e-05,7.647762537305536e-05,2.040672219058169e-07
2026-05-11 15:15:00+00:00,URTH_ACWI,0.0003337127357338735,0.00031673273004894774,1.6980005684925773e-05
2026-05-11 15:15:00+00:00,BNK.PA_^FCHI,0.0006849669825554135,0.0002582431735683122,0.0004267238089871013
2026-05-11 15:15:00+00:00,QQQ_^NDX,0.00014436842419622182,0.00011160695067511959,3.276147352110223e-05
2026-05-11 15:20:00+00:00,SPY_^GSPC,7.627151453235249e-05,7.425177804235953e-05,2.0197364899929564e-06
2026-05-11 15:20:00+00:00,URTH_ACWI,0.0003320024704498983,0.00031751139401417744,1.4491076435720865e-05
2026-05-11 15:20:00+00:00,BNK.PA_^FCHI,0.0006851875831251005,0.0002885137754168076,0.0003966738077082929
2026-05-11 15:20:00+00:00,BNKE.L_^STOXX50E,0.0011065238664359663,0.00023834032126003336,0.0008681835451759328
2026-05-11 15:20:00+00:00,QQQ_^NDX,0.00014633250820824555,0.0001126827909685811,3.364971723966446e-05
2026-05-11 15:25:00+00:00,BNKE.L_^STOXX50E,0.0011071819373168798,0.0002414590815120143,0.0008657228558048654
2026-05-11 15:25:00+00:00,URTH_ACWI,0.0003211516699941584,0.0003084952918904777,1.2656378103680685e-05
2026-05-11 15:25:00+00:00,BNK.PA_^FCHI,0.002458401471173092,0.00027469854296331063,0.0021837029282097816
2026-05-11 15:25:00+00:00,QQQ_^NDX,0.0001436093548509598,0.00010963833333519913,3.397102151576065e-05
2026-05-11 15:25:00+00:00,SPY_^GSPC,7.725643886877413e-05,7.637060775462022e-05,8.858311141539144e-07
2026-05-11 15:30:00+00:00,SPY_^GSPC,7.917842777348435e-05,7.53332911174124e-05,3.845136656071958e-06
2026-05-11 15:30:00+00:00,URTH_ACWI,0.0003152200866850009,0.0003083340283669464,6.886058318054489e-06
2026-05-11 15:30:00+00:00,QQQ_^NDX,0.00014409298335368807,0.00011075704475306551,3.333593860062256e-05
2026-05-11 15:35:00+00:00,SPY_^GSPC,8.044183292636994e-05,7.924497026464179e-05,1.1968626617281505e-06
2026-05-11 15:35:00+00:00,URTH_ACWI,0.0003038061328125439,0.00029934146379405064,4.46466901849325e-06
2026-05-11 15:35:00+00:00,QQQ_^NDX,0.00011577993424606543,0.00010853194447597949,7.247989770085939e-06
2026-05-11 15:40:00+00:00,SPY_^GSPC,7.938792304901007e-05,7.281938454294392e-05,6.56853850606615e-06
2026-05-11 15:40:00+00:00,QQQ_^NDX,0.00010394995272776763,0.00011046876986836044,-6.518817140592815e-06
2026-05-11 15:40:00+00:00,URTH_ACWI,0.0002960444393621603,0.00030679772198821426,-1.0753282626053972e-05
2026-05-11 15:45:00+00:00,URTH_ACWI,0.0003015147927853987,0.0003139897958621561,-1.24750030767574e-05
2026-05-11 15:45:00+00:00,SPY_^GSPC,7.710171822372945e-05,7.104502128082588e-05,6.056696942903573e-06
2026-05-11 15:45:00+00:00,QQQ_^NDX,0.00010366639817049734,9.908501818715566e-05,4.581379983341683e-06
2026-05-11 15:50:00+00:00,QQQ_^NDX,0.00010370681792446148,0.00010155757234592494,2.149245578536533e-06
2026-05-11 15:50:00+00:00,SPY_^GSPC,7.47492103445146e-05,7.027480317193734e-05,4.474407172577269e-06
2026-05-11 15:50:00+00:00,URTH_ACWI,0.0003002959240622677,0.00030602648696456116,-5.730562902293477e-06
2026-05-11 15:55:00+00:00,SPY_^GSPC,7.365435718482193e-05,6.679848339948417e-05,6.85587378533776e-06
2026-05-11 15:55:00+00:00,QQQ_^NDX,0.00010193550777139955,0.00010190257451114721,3.293326025233798e-08
2026-05-11 15:55:00+00:00,URTH_ACWI,0.0002974807514383008,0.000312111903683972,-1.4631152245671232e-05
2026-05-11 16:00:00+00:00,URTH_ACWI,0.00030143423590730546,0.000306693568040857,-5.2593321335515355e-06
2026-05-11 16:00:00+00:00,QQQ_^NDX,9.751069179105213e-05,9.391923117079223e-05,3.591460620259898e-06
2026-05-11 16:00:00+00:00,SPY_^GSPC,7.289158144642926e-05,6.658920335044122e-05,6.302378095988039e-06
2026-05-11 16:05:00+00:00,SPY_^GSPC,7.374087095477162e-05,7.264469897455909e-05,1.0961719802125326e-06
2026-05-11 16:05:00+00:00,URTH_ACWI,0.0002951068024489541,0.0002975391521106723,-2.4323496617182196e-06
2026-05-11 16:05:00+00:00,QQQ_^NDX,9.647482611613146e-05,7.788079310214863e-05,1.859403301398283e-05
2026-05-11 16:10:00+00:00,SPY_^GSPC,7.538575366619603e-05,7.061670652007332e-05,4.769047146122707e-06
2026-05-11 16:10:00+00:00,URTH_ACWI,0.00023859408970068247,0.0002768098898561077,-3.821580015542521e-05
2026-05-11 16:10:00+00:00,QQQ_^NDX,9.335903184746798e-05,7.650842545691118e-05,1.6850606390556803e-05
2026-05-11 16:15:00+00:00,SPY_^GSPC,7.968743971390266e-05,7.273086637938784e-05,6.956573334514812e-06
2026-05-11 16:15:00+00:00,URTH_ACWI,0.00024397813603439393,0.0002918754381034303,-4.7897302069036375e-05
2026-05-11 16:15:00+00:00,QQQ_^NDX,9.360796112942845e-05,8.28265708202779e-05,1.078139030915055e-05
2026-05-11 16:20:00+00:00,SPY_^GSPC,7.778637521487267e-05,7.001773530114067e-05,7.768639913732e-06
2026-05-11 16:20:00+00:00,URTH_ACWI,0.00020363707364944473,0.0002947111086282296,-9.107403497878486e-05
2026-05-11 16:20:00+00:00,QQQ_^NDX,9.350835930675012e-05,8.15285077645261e-05,1.1979851542224024e-05
2026-05-11 16:25:00+00:00,URTH_ACWI,0.00020434669528849683,0.00030125910714146693,-9.69124118529701e-05
2026-05-11 16:25:00+00:00,SPY_^GSPC,7.484755375940646e-05,7.059256248143302e-05,4.254991277973446e-06
2026-05-11 16:25:00+00:00,QQQ_^NDX,8.954483904972404e-05,8.155755480767606e-05,7.98728424204798e-06
2026-05-11 16:30:00+00:00,URTH_ACWI,0.00018991137650441442,0.0002950490054455393,-0.00010513762894112487
2026-05-11 16:30:00+00:00,SPY_^GSPC,7.525317340858543e-05,7.98568829376668e-05,-4.6037095290813726e-06
2026-05-11 16:30:00+00:00,QQQ_^NDX,8.401820086767635e-05,8.400789542088801e-05,1.030544678834054e-08
2026-05-11 16:35:00+00:00,URTH_ACWI,0.00019445421980577814,0.00028860510550280386,-9.415088569702572e-05
2026-05-11 16:35:00+00:00,SPY_^GSPC,7.58564111924172e-05,8.027968686254774e-05,-4.42327567013053e-06
2026-05-11 16:35:00+00:00,QQQ_^NDX,8.504371958770539e-05,8.380489816999029e-05,1.2388214177151008e-06
2026-05-11 16:40:00+00:00,QQQ_^NDX,8.746722859315258e-05,7.918666593918747e-05,8.280562653965108e-06
2026-05-11 16:40:00+00:00,URTH_ACWI,0.00019519743190759452,0.0003046696209136785,-0.000109472189006084
2026-05-11 16:40:00+00:00,SPY_^GSPC,7.021487372176982e-05,7.704834346356661e-05,-6.833469741796791e-06
2026-05-11 16:45:00+00:00,SPY_^GSPC,6.327105199064926e-05,7.086933682981648e-05,-7.598284839167217e-06
2026-05-11 16:45:00+00:00,QQQ_^NDX,7.680342007675112e-05,8.664017973761284e-05,-9.836759660861714e-06
2026-05-11 16:45:00+00:00,URTH_ACWI,0.00019547167368597505,0.00031178514539791205,-0.000116313471711937
2026-05-11 16:50:00+00:00,SPY_^GSPC,6.333969244323219e-05,7.258825249469803e-05,-9.248560051465846e-06
2026-05-11 16:50:00+00:00,QQQ_^NDX,6.606330420679247e-05,8.676360620860107e-05,-2.07003020018086e-05
2026-05-11 16:50:00+00:00,URTH_ACWI,0.00017424623465913213,0.0003165583875941032,-0.00014231215293497105
2026-05-11 16:55:00+00:00,QQQ_^NDX,6.382743665233936e-05,8.277651811278048e-05,-1.894908146044112e-05
2026-05-11 16:55:00+00:00,URTH_ACWI,0.00016678846390565132,0.00031203486603149916,-0.00014524640212584784
2026-05-11 16:55:00+00:00,SPY_^GSPC,6.22650539012885e-05,6.807742567894258e-05,-5.812371777654077e-06
2026-05-11 17:00:00+00:00,URTH_ACWI,0.0001761895066858011,0.00031337539916270686,-0.00013718589247690576
2026-05-11 17:00:00+00:00,QQQ_^NDX,6.090017231740347e-05,7.90792053658835e-05,-1.8179033048480026e-05
2026-05-11 17:00:00+00:00,SPY_^GSPC,6.204240655810841e-05,6.858604926057228e-05,-6.543642702463862e-06
2026-05-11 17:05:00+00:00,URTH_ACWI,0.0001824645127824252,0.0003051643552919256,-0.0001226998425095004
2026-05-11 17:05:00+00:00,QQQ_^NDX,5.5361679834222914e-05,8.141280279985318e-05,-2.6051122965630264e-05
2026-05-11 17:05:00+00:00,SPY_^GSPC,5.9502816965800274e-05,8.498212278253061e-05,-2.5479305816730336e-05
2026-05-11 17:10:00+00:00,QQQ_^NDX,5.50531208900268e-05,8.418664275626279e-05,-2.913352186623599e-05
2026-05-11 17:10:00+00:00,SPY_^GSPC,5.4576070133380745e-05,6.628418652523976e-05,-1.1708116391859011e-05
2026-05-11 17:15:00+00:00,URTH_ACWI,0.00019232113949871913,0.00031494746824717697,-0.00012262632874845785
2026-05-11 17:15:00+00:00,SPY_^GSPC,4.938146284203993e-05,8.032554893419338e-05,-3.094408609215345e-05
2026-05-11 17:15:00+00:00,QQQ_^NDX,5.59771914833994e-05,8.31975206664978e-05,-2.7220329183098403e-05
2026-05-11 17:20:00+00:00,QQQ_^NDX,5.585056801537596e-05,8.102086755411503e-05,-2.5170299538739073e-05
2026-05-11 17:20:00+00:00,URTH_ACWI,0.00019249140813850475,0.0003100318207903744,-0.00011754041265186967
2026-05-11 17:20:00+00:00,SPY_^GSPC,5.0841662334238775e-05,7.393809889396045e-05,-2.309643655972168e-05
2026-05-11 17:25:00+00:00,SPY_^GSPC,5.047628961594168e-05,7.439841630345365e-05,-2.3922126687511975e-05
2026-05-11 17:25:00+00:00,URTH_ACWI,0.00020113546427521505,0.0003156344273755433,-0.00011449896310032824
2026-05-11 17:25:00+00:00,QQQ_^NDX,5.995325286100945e-05,8.16193696121795e-05,-2.1666116751170057e-05
2026-05-11 17:30:00+00:00,SPY_^GSPC,4.808307877374978e-05,7.10654968432386e-05,-2.2982418069488822e-05
2026-05-11 17:30:00+00:00,URTH_ACWI,0.00019106275700564657,0.00031130980397406783,-0.00012024704696842126
2026-05-11 17:30:00+00:00,QQQ_^NDX,6.038452473784814e-05,7.916994471646574e-05,-1.87854199786176e-05
2026-05-11 17:35:00+00:00,URTH_ACWI,0.0001861934641759522,0.00026901931692708495,-8.282585275113275e-05
2026-05-11 17:35:00+00:00,SPY_^GSPC,4.801740828690213e-05,4.829885336134946e-05,-2.8144507444732847e-07
2026-05-11 17:35:00+00:00,QQQ_^NDX,6.0000403697244905e-05,6.41480284291918e-05,-4.147624731946899e-06
2026-05-11 17:40:00+00:00,URTH_ACWI,0.0001829565323564914,0.00025200170539611296,-6.904517303962156e-05
2026-05-11 17:40:00+00:00,SPY_^GSPC,4.804079908833031e-05,4.625644848477039e-05,1.7843506035599191e-06
2026-05-11 17:40:00+00:00,QQQ_^NDX,6.057411873086165e-05,5.4863931651244046e-05,5.710187079617603e-06
2026-05-11 17:45:00+00:00,QQQ_^NDX,6.226830036010118e-05,5.5571448789443644e-05,6.696851570657534e-06
2026-05-11 17:45:00+00:00,URTH_ACWI,0.00017759922136521987,0.00024977551955062945,-7.217629818540957e-05
2026-05-11 17:45:00+00:00,SPY_^GSPC,4.880494397111983e-05,4.757514612231613e-05,1.2297978488036982e-06
2026-05-11 17:50:00+00:00,QQQ_^NDX,6.225232888559885e-05,5.578269907690416e-05,6.469629808694687e-06
2026-05-11 17:50:00+00:00,SPY_^GSPC,4.35750856837517e-05,4.600959882130349e-05,-2.4345131375517884e-06
2026-05-11 17:50:00+00:00,URTH_ACWI,0.00018774488376349717,0.0002547828377339839,-6.703795397048674e-05
2026-05-11 17:55:00+00:00,URTH_ACWI,0.00022104315302689785,0.0002985138565630936,-7.747070353619575e-05
2026-05-11 17:55:00+00:00,QQQ_^NDX,6.370278760291874e-05,5.528305536276149e-05,8.41973224015725e-06
2026-05-11 17:55:00+00:00,SPY_^GSPC,3.556430398549977e-05,5.179519913516295e-05,-1.623089514966318e-05
2026-05-11 18:00:00+00:00,SPY_^GSPC,3.738571499534649e-05,5.012952506352884e-05,-1.2743810068182356e-05
2026-05-11 18:00:00+00:00,QQQ_^NDX,6.124431776671642e-05,5.679892060985573e-05,4.4453971568606914e-06
2026-05-11 18:05:00+00:00,URTH_ACWI,0.00022267617224963282,0.0002733061639452678,-5.0629991695634987e-05
2026-05-11 18:05:00+00:00,SPY_^GSPC,3.7365849215086115e-05,5.10427844507209e-05,-1.3676935235634788e-05
2026-05-11 18:05:00+00:00,QQQ_^NDX,6.244457336814941e-05,5.4907786296920974e-05,7.53678707122844e-06
2026-05-11 18:10:00+00:00,SPY_^GSPC,3.733097058082348e-05,5.2077419394710336e-05,-1.4746448813886857e-05
2026-05-11 18:10:00+00:00,URTH_ACWI,0.000228593125993642,0.00029741018486880084,-6.881705887515883e-05
2026-05-11 18:10:00+00:00,QQQ_^NDX,6.185795006624182e-05,5.362291802827249e-05,8.235032037969335e-06
2026-05-11 18:15:00+00:00,URTH_ACWI,0.00025989779911130077,0.0003151377307582624,-5.523993164696162e-05
2026-05-11 18:15:00+00:00,SPY_^GSPC,3.611398300798724e-05,5.144967723738192e-05,-1.5335694229394676e-05
2026-05-11 18:15:00+00:00,QQQ_^NDX,5.947027214865723e-05,5.323959773197425e-05,6.230674416682981e-06
2026-05-11 18:20:00+00:00,URTH_ACWI,0.00025973712114779813,0.00028727300365015445,-2.753588250235632e-05
2026-05-11 18:20:00+00:00,SPY_^GSPC,3.453819345711765e-05,5.111429113251553e-05,-1.657609767539788e-05
2026-05-11 18:20:00+00:00,QQQ_^NDX,5.160236107954657e-05,5.100063601996427e-05,6.01725059582303e-07
2026-05-11 18:25:00+00:00,SPY_^GSPC,3.38739971276352e-05,5.0358034199835903e-05,-1.6484037072200703e-05
2026-05-11 18:25:00+00:00,QQQ_^NDX,5.1808078613996595e-05,4.638492246325341e-05,5.423156150743186e-06
2026-05-11 18:30:00+00:00,SPY_^GSPC,3.3600113723365316e-05,5.0295482313892464e-05,-1.6695368590527148e-05
2026-05-11 18:30:00+00:00,QQQ_^NDX,5.025739032069131e-05,4.578683070391042e-05,4.47055961678089e-06
2026-05-11 18:30:00+00:00,URTH_ACWI,0.0002604533939044007,0.0003160180185701534,-5.556462466575269e-05
2026-05-11 18:35:00+00:00,URTH_ACWI,0.00030294927110318797,0.0003075603138451206,-4.61104274193262e-06
2026-05-11 18:35:00+00:00,SPY_^GSPC,3.3394603144762134e-05,4.9218215901558935e-05,-1.58236127567968e-05
2026-05-11 18:35:00+00:00,QQQ_^NDX,5.188105298461179e-05,4.669883001809737e-05,5.182222966514418e-06
2026-05-11 18:40:00+00:00,SPY_^GSPC,3.329278132239144e-05,4.998839025561298e-05,-1.6695608933221536e-05
2026-05-11 18:40:00+00:00,URTH_ACWI,0.0003070117837810663,0.0003050646228917974,1.9471608892688945e-06
2026-05-11 18:40:00+00:00,QQQ_^NDX,5.235629126746035e-05,4.545354013431718e-05,6.902751133143168e-06
2026-05-11 18:45:00+00:00,QQQ_^NDX,5.3437877227879086e-05,4.511912004535094e-05,8.318757182528148e-06
2026-05-11 18:45:00+00:00,URTH_ACWI,0.00030694029037330896,0.00032278247357647597,-1.5842183203167008e-05
2026-05-11 18:45:00+00:00,SPY_^GSPC,3.408446119729795e-05,5.02660695761765e-05,-1.6181608378878552e-05
2026-05-11 18:50:00+00:00,QQQ_^NDX,5.009915951453853e-05,4.787272568141527e-05,2.2264338331232566e-06
2026-05-11 18:50:00+00:00,URTH_ACWI,0.0003073127119890943,0.00031939682321430624,-1.2084111225211917e-05
2026-05-11 18:50:00+00:00,SPY_^GSPC,3.7539183615424203e-05,5.029670709201252e-05,-1.2757523476588316e-05
2026-05-11 18:55:00+00:00,SPY_^GSPC,3.762449759522523e-05,4.7171749995551753e-05,-9.547252400326525e-06
2026-05-11 18:55:00+00:00,QQQ_^NDX,4.894013259340059e-05,4.596616335373044e-05,2.973969239670152e-06
2026-05-11 18:55:00+00:00,URTH_ACWI,0.00030407025284076686,0.0003202575560181423,-1.618730317737543e-05
2026-05-11 19:00:00+00:00,SPY_^GSPC,3.4583402444015305e-05,5.1664084140058926e-05,-1.708068169604362e-05
2026-05-11 19:00:00+00:00,URTH_ACWI,0.0003015353556039259,0.0003115752045140885,-1.0039848910162641e-05
2026-05-11 19:00:00+00:00,QQQ_^NDX,4.904829004373335e-05,5.397999125366753e-05,-4.9317012099341835e-06
2026-05-11 19:05:00+00:00,QQQ_^NDX,4.463278259375885e-05,4.690897358796255e-05,-2.2761909942036984e-06
2026-05-11 19:05:00+00:00,URTH_ACWI,0.00029448723092568527,0.0003066255880644536,-1.2138357138768345e-05
2026-05-11 19:05:00+00:00,SPY_^GSPC,3.459122727500128e-05,5.132024361833773e-05,-1.672901634333645e-05
2026-05-11 19:10:00+00:00,SPY_^GSPC,4.026854527001704e-05,5.2603946359380716e-05,-1.2335401089363677e-05
2026-05-11 19:10:00+00:00,QQQ_^NDX,4.812344369831931e-05,5.2188301683154114e-05,-4.064857984834804e-06
2026-05-11 19:10:00+00:00,URTH_ACWI,0.00029369613582296743,0.00030447407256386973,-1.0777936740902303e-05
2026-05-11 19:15:00+00:00,SPY_^GSPC,4.0715324138676226e-05,5.1697001519334886e-05,-1.098167738065866e-05
2026-05-11 19:15:00+00:00,QQQ_^NDX,4.7175693620736614e-05,4.59725490454594e-05,1.2031445752772144e-06
2026-05-11 19:15:00+00:00,URTH_ACWI,0.000286750772557065,0.00029918382567564484,-1.2433053118579855e-05
2026-05-11 19:20:00+00:00,URTH_ACWI,0.0002902591296620404,0.000297668556966558,-7.409427304517612e-06
2026-05-11 19:20:00+00:00,SPY_^GSPC,4.432648363702323e-05,5.4177085876917997e-05,-9.85060223989477e-06
2026-05-11 19:20:00+00:00,QQQ_^NDX,5.046086630203395e-05,4.333483606606819e-05,7.126030235965755e-06
2026-05-11 19:25:00+00:00,QQQ_^NDX,5.118690660377369e-05,6.205634574821359e-05,-1.0869439144439902e-05
2026-05-11 19:25:00+00:00,URTH_ACWI,0.0002902702032217686,0.0003116267103283383,-2.1356507106569725e-05
2026-05-11 19:25:00+00:00,SPY_^GSPC,4.261505746963161e-05,5.2136306192082374e-05,-9.521248722450763e-06
2026-05-11 19:30:00+00:00,URTH_ACWI,0.0002927220436208594,0.0003101290704082006,-1.7407026787341216e-05
2026-05-11 19:30:00+00:00,SPY_^GSPC,4.259413998449393e-05,5.410599827379382e-05,-1.1511858289299887e-05
2026-05-11 19:30:00+00:00,QQQ_^NDX,7.036497591102066e-05,6.395264184571998e-05,6.412334065300683e-06
2026-05-11 19:35:00+00:00,SPY_^GSPC,4.275483047667509e-05,5.254565637321942e-05,-9.79082589654433e-06
2026-05-11 19:35:00+00:00,URTH_ACWI,0.00029158564099517433,0.00031313720664621897,-2.1551565651044637e-05
2026-05-11 19:35:00+00:00,QQQ_^NDX,9.04785072204512e-05,7.867540473311657e-05,1.1803102487334627e-05
2026-05-11 19:40:00+00:00,URTH_ACWI,0.000282812275712499,0.0003061482253317997,-2.3335949619300708e-05
2026-05-11 19:40:00+00:00,QQQ_^NDX,9.009303715438706e-05,0.0001028526082770383,-1.2759571122651238e-05
2026-05-11 19:40:00+00:00,SPY_^GSPC,4.116796902462685e-05,5.258993834622524e-05,-1.1421969321598388e-05
2026-05-11 19:45:00+00:00,SPY_^GSPC,4.564388903477979e-05,5.620308168181207e-05,-1.0559192647032277e-05
2026-05-11 19:45:00+00:00,URTH_ACWI,0.00026038259506424075,0.00028424893612217345,-2.38663410579327e-05
2026-05-11 19:45:00+00:00,QQQ_^NDX,9.332594345097161e-05,0.00011245081399484634,-1.9124870543874728e-05
2026-05-11 19:50:00+00:00,URTH_ACWI,0.00025876593043648057,0.00027388997869782144,-1.5124048261340873e-05
2026-05-11 19:50:00+00:00,SPY_^GSPC,4.9408003398371176e-05,5.1871754119408994e-05,-2.463750721037818e-06
2026-05-11 19:50:00+00:00,QQQ_^NDX,9.566979694539853e-05,0.0001004140225879666,-4.7442256425680735e-06
2026-05-11 19:55:00+00:00,QQQ_^NDX,0.00010390408020425037,0.00010439915679306252,-4.950765888121436e-07
2026-05-11 19:55:00+00:00,SPY_^GSPC,5.904158177983911e-05,4.806681157014729e-05,1.0974770209691822e-05
2026-05-11 19:55:00+00:00,URTH_ACWI,0.0007675831544649274,0.00026877966906716893,0.0004988034853977584
2026-05-12 07:00:00+00:00,BNK.PA_^FCHI,0.0024442512079680414,0.001157781688591411,0.0012864695193766304
2026-05-12 07:05:00+00:00,BNKE.L_^STOXX50E,0.0009361390317879219,0.0010386096875889595,-0.00010247065580103762
2026-05-12 07:10:00+00:00,BNKE.L_^STOXX50E,0.0010249127742686,0.00099584509790326,2.9067676365340063e-05
2026-05-12 07:10:00+00:00,BNK.PA_^FCHI,0.002466762399419551,0.0011559583977414688,0.0013108040016780824
2026-05-12 07:15:00+00:00,BNK.PA_^FCHI,0.002468938931803484,0.0011426696979122129,0.0013262692338912713
2026-05-12 07:15:00+00:00,BNKE.L_^STOXX50E,0.0010059239308916853,0.001001569059861576,4.354871030109184e-06
2026-05-12 07:20:00+00:00,BNKE.L_^STOXX50E,0.0013442795687483122,0.0010271068121391414,0.00031717275660917083
2026-05-12 07:20:00+00:00,BNK.PA_^FCHI,0.0025263275710146207,0.001152841545086577,0.0013734860259280437
2026-05-12 07:25:00+00:00,BNK.PA_^FCHI,0.0026514408664784854,0.0012048486658680735,0.001446592200610412
2026-05-12 07:30:00+00:00,BNK.PA_^FCHI,0.0026410781712632044,0.001218218440683792,0.0014228597305794123
2026-05-12 07:35:00+00:00,BNK.PA_^FCHI,0.002644748775118851,0.001192305828844725,0.0014524429462741263
2026-05-12 07:40:00+00:00,BNK.PA_^FCHI,0.0026574944097228544,0.0012198283794654149,0.0014376660302574396
2026-05-12 07:40:00+00:00,BNKE.L_^STOXX50E,0.0015010464727271966,0.0011824100028995125,0.0003186364698276841
2026-05-12 07:45:00+00:00,BNK.PA_^FCHI,0.0026575588812234856,0.0011506101582878217,0.001506948722935664
2026-05-12 07:50:00+00:00,BNK.PA_^FCHI,0.002600600982173265,0.0012002676593697776,0.0014003333228034872
2026-05-12 07:50:00+00:00,BNKE.L_^STOXX50E,0.001483081903886156,0.0011167274070191433,0.00036635449686701275
2026-05-12 07:55:00+00:00,BNK.PA_^FCHI,0.002600495819214623,0.0011476897171589623,0.0014528061020556609
2026-05-12 07:55:00+00:00,BNKE.L_^STOXX50E,0.001482636003518843,0.0010753364016222676,0.0004072996018965754
2026-05-12 08:00:00+00:00,BNK.PA_^FCHI,0.0025893940385265262,0.0011408341153632262,0.0014485599231633
2026-05-12 08:05:00+00:00,BNKE.L_^STOXX50E,0.0014817521351348645,0.0011073341650870813,0.00037441797004778314
2026-05-12 08:05:00+00:00,BNK.PA_^FCHI,0.0025792312256018007,0.001152087818894555,0.0014271434067072456
2026-05-12 08:10:00+00:00,BNKE.L_^STOXX50E,0.0014189351461466092,0.0010994447265732057,0.00031949041957340355
2026-05-12 08:15:00+00:00,BNK.PA_^FCHI,0.002627676085529923,0.001124936076335474,0.0015027400091944488
2026-05-12 08:15:00+00:00,BNKE.L_^STOXX50E,0.0014199372918039274,0.001064039290664393,0.0003558980011395343
2026-05-12 08:20:00+00:00,BNKE.L_^STOXX50E,0.001450785483452506,0.00106762629792994,0.00038315918552256595
2026-05-12 08:20:00+00:00,BNK.PA_^FCHI,0.0026398015509176884,0.001119640972097368,0.0015201605788203205
2026-05-12 08:25:00+00:00,BNK.PA_^FCHI,0.0026450519315286487,0.0010575933425155052,0.0015874585890131435
2026-05-12 08:25:00+00:00,BNKE.L_^STOXX50E,0.0014258800515639608,0.001065409683409836,0.0003604703681541249
2026-05-12 08:30:00+00:00,BNKE.L_^STOXX50E,0.0014251959031222354,0.0010333358108684963,0.0003918600922537391
2026-05-12 08:30:00+00:00,BNK.PA_^FCHI,0.002647916186061972,0.0010633841983857778,0.0015845319876761942
2026-05-12 08:35:00+00:00,BNK.PA_^FCHI,0.0026430449234030842,0.0010600935634243656,0.0015829513599787187
2026-05-12 08:40:00+00:00,BNK.PA_^FCHI,0.0012408810302195871,0.0009849712771234902,0.0002559097530960969
2026-05-12 08:50:00+00:00,BNKE.L_^STOXX50E,0.0014220993002027555,0.0009983626755413237,0.0004237366246614318
2026-05-12 08:55:00+00:00,BNK.PA_^FCHI,0.001214652719263055,0.0010076996886821403,0.0002069530305809147
2026-05-12 08:55:00+00:00,BNKE.L_^STOXX50E,0.00140120259886347,0.0010105592022042708,0.0003906433966591992
2026-05-12 09:05:00+00:00,BNKE.L_^STOXX50E,0.0014018040464613604,0.0010177956716792465,0.0003840083747821139
2026-05-12 09:05:00+00:00,BNK.PA_^FCHI,0.0012249104322260339,0.001008543212912314,0.00021636721931371982
2026-05-12 09:10:00+00:00,BNK.PA_^FCHI,0.001211182637143351,0.0009684342289207059,0.00024274840822264513
2026-05-12 09:10:00+00:00,BNKE.L_^STOXX50E,0.0014020065267899642,0.000988124495051424,0.00041388203173854015
2026-05-12 09:15:00+00:00,BNK.PA_^FCHI,0.0012157354178696327,0.0009770558912760255,0.00023867952659360715
2026-05-12 09:20:00+00:00,BNK.PA_^FCHI,0.0008890423924191638,0.0009223217418402412,-3.327934942107735e-05
2026-05-12 09:20:00+00:00,BNKE.L_^STOXX50E,0.001362135979277954,0.0009740993608515384,0.0003880366184264157
2026-05-12 09:25:00+00:00,BNKE.L_^STOXX50E,0.0010484687728193162,0.000978190914156592,7.027785866272414e-05
2026-05-12 09:25:00+00:00,BNK.PA_^FCHI,0.0007150653332408158,0.0008611041260378756,-0.0001460387927970598
2026-05-12 09:30:00+00:00,BNKE.L_^STOXX50E,0.0009453872860407004,0.0009454047293326047,-1.744329190431996e-08
2026-05-12 09:30:00+00:00,BNK.PA_^FCHI,0.0006804758383570807,0.000787907959551024,-0.0001074321211939433
2026-05-12 09:35:00+00:00,BNK.PA_^FCHI,0.0007654134268907817,0.0007568044620094955,8.608964881286207e-06
2026-05-12 09:40:00+00:00,BNKE.L_^STOXX50E,0.0007519614174970282,0.0007666027861618583,-1.4641368664830134e-05
2026-05-12 09:45:00+00:00,BNK.PA_^FCHI,0.0007950341314634723,0.0007841144821943227,1.0919649269149588e-05
2026-05-12 09:45:00+00:00,BNKE.L_^STOXX50E,0.0007492251129017049,0.0007408100197812386,8.415093120466314e-06
2026-05-12 09:50:00+00:00,BNK.PA_^FCHI,0.000794027431693838,0.0008265834513769429,-3.2556019683104855e-05
2026-05-12 09:50:00+00:00,BNKE.L_^STOXX50E,0.0007452274452155062,0.0007405388275250552,4.688617690450959e-06
2026-05-12 09:55:00+00:00,BNK.PA_^FCHI,0.0008532482262406606,0.0008279347142518863,2.53135119887743e-05
2026-05-12 10:00:00+00:00,BNKE.L_^STOXX50E,0.0006992710492572862,0.0007816420847955332,-8.237103553824696e-05
2026-05-12 10:05:00+00:00,BNKE.L_^STOXX50E,0.0007236058389290792,0.0007255086266627255,-1.902787733646348e-06
2026-05-12 10:05:00+00:00,BNK.PA_^FCHI,0.0008101724901773524,0.0009650295844085494,-0.00015485709423119695
2026-05-12 10:10:00+00:00,BNKE.L_^STOXX50E,0.0007242545454784422,0.0007542235515082458,-2.9969006029803634e-05
2026-05-12 10:10:00+00:00,BNK.PA_^FCHI,0.0007986425250935723,0.0008201946421540679,-2.1552117060495615e-05
2026-05-12 10:20:00+00:00,BNK.PA_^FCHI,0.0007907473767514271,0.0008900954027119859,-9.934802596055876e-05
2026-05-12 10:20:00+00:00,BNKE.L_^STOXX50E,0.00072437262146611,0.0007431399112900859,-1.8767289823975954e-05
2026-05-12 10:35:00+00:00,BNK.PA_^FCHI,0.0007448549290193838,0.0008262193221336854,-8.136439311430164e-05
2026-05-12 10:35:00+00:00,BNKE.L_^STOXX50E,0.0007192691935611387,0.0007342132396305029,-1.4944046069364169e-05
2026-05-12 10:40:00+00:00,BNK.PA_^FCHI,0.0007831763381856172,0.0007784117604820032,4.764577703613988e-06
2026-05-12 10:45:00+00:00,BNKE.L_^STOXX50E,0.0006871569069133163,0.0007062954632959622,-1.9138556382645826e-05
2026-05-12 10:50:00+00:00,BNKE.L_^STOXX50E,0.0006932680676982344,0.0007257249908764197,-3.245692317818531e-05
2026-05-12 10:50:00+00:00,BNK.PA_^FCHI,0.0008018944361867683,0.000822246824327749,-2.0352388140980684e-05
2026-05-12 11:00:00+00:00,BNK.PA_^FCHI,0.0008046992969819386,0.0007979867937449196,6.712503237018977e-06
2026-05-12 11:05:00+00:00,BNKE.L_^STOXX50E,0.0007481485593504046,0.0007102596680770405,3.788889127336406e-05
2026-05-12 11:10:00+00:00,BNKE.L_^STOXX50E,0.0007175200917864765,0.000726578010795678,-9.057919009201562e-06
2026-05-12 11:15:00+00:00,BNK.PA_^FCHI,0.0009200613631968118,0.0007859700671570439,0.00013409129603976792
2026-05-12 11:15:00+00:00,BNKE.L_^STOXX50E,0.0007250746329209428,0.0007140009107660091,1.1073722154933733e-05
2026-05-12 11:20:00+00:00,BNKE.L_^STOXX50E,0.0005957305858327464,0.0007215465318292526,-0.00012581594599650621
2026-05-12 11:20:00+00:00,BNK.PA_^FCHI,0.0009638745292348181,0.0009258372380530111,3.803729118180695e-05
2026-05-12 11:25:00+00:00,BNK.PA_^FCHI,0.0009638636021139412,0.001017362672813995,-5.3499070700053814e-05
2026-05-12 11:30:00+00:00,BNKE.L_^STOXX50E,0.0005987568143749759,0.0006690021943600231,-7.024537998504725e-05
2026-05-12 11:35:00+00:00,BNKE.L_^STOXX50E,0.0006050895645257228,0.0006786086563785093,-7.351909185278652e-05
2026-05-12 11:40:00+00:00,BNK.PA_^FCHI,0.0009782973318302065,0.0009349520653317469,4.334526649845956e-05
2026-05-12 11:40:00+00:00,BNKE.L_^STOXX50E,0.0006066098136160433,0.0006622983707972572,-5.5688557181213954e-05
2026-05-12 11:45:00+00:00,BNK.PA_^FCHI,0.0010289638854434381,0.0009513157146798897,7.764817076354842e-05
2026-05-12 11:50:00+00:00,BNKE.L_^STOXX50E,0.0006122079183852126,0.0006099810139276454,2.226904457567247e-06
2026-05-12 11:55:00+00:00,BNKE.L_^STOXX50E,0.0005930450065305072,0.0007161258813440422,-0.000123080874813535
2026-05-12 11:55:00+00:00,BNK.PA_^FCHI,0.001126398762401931,0.0010546195136974623,7.177924870446859e-05
2026-05-12 12:05:00+00:00,BNKE.L_^STOXX50E,0.0005335404699505443,0.0006906331867724131,-0.00015709271682186885
2026-05-12 12:05:00+00:00,BNK.PA_^FCHI,0.0011277552933310097,0.0010686756338261312,5.907965950487852e-05
2026-05-12 12:10:00+00:00,BNKE.L_^STOXX50E,0.0005227791799159292,0.0006581995969039221,-0.00013542041698799288
2026-05-12 12:20:00+00:00,BNK.PA_^FCHI,0.0010761263978515665,0.0011001042016214788,-2.3977803769912286e-05
2026-05-12 12:25:00+00:00,BNKE.L_^STOXX50E,0.0005909848453985561,0.0006399311747569734,-4.894632935841729e-05
2026-05-12 12:35:00+00:00,BNKE.L_^STOXX50E,0.0006412904122698602,0.0006667162841372305,-2.5425871867370328e-05
2026-05-12 12:35:00+00:00,BNK.PA_^FCHI,0.0012244594900817586,0.0011340619557761661,9.039753430559248e-05
2026-05-12 12:40:00+00:00,BNKE.L_^STOXX50E,0.0006372118359530075,0.0006770287160633081,-3.981688011030064e-05
2026-05-12 12:40:00+00:00,BNK.PA_^FCHI,0.0011685984580729618,0.0011156151904600752,5.298326761288665e-05
2026-05-12 12:50:00+00:00,BNKE.L_^STOXX50E,0.00062921082539056,0.0007091836928914985,-7.997286750093847e-05
2026-05-12 12:50:00+00:00,BNK.PA_^FCHI,0.00115748646117884,0.0011582473006617469,-7.608394829068405e-07
2026-05-12 12:55:00+00:00,BNK.PA_^FCHI,0.0011948900734184676,0.0011117901169229328,8.309995649553479e-05
2026-05-12 13:05:00+00:00,BNKE.L_^STOXX50E,0.0006587866256894215,0.0007702958564453895,-0.00011150923075596802
2026-05-12 13:15:00+00:00,BNK.PA_^FCHI,0.001141241153220616,0.0010830804173956943,5.8160735824921636e-05
2026-05-12 13:25:00+00:00,BNKE.L_^STOXX50E,0.0006340114512650926,0.0007094808812343673,-7.54694299692747e-05
2026-05-12 13:25:00+00:00,BNK.PA_^FCHI,0.0011444729643729956,0.0010637618908308061,8.07110735421895e-05
2026-05-12 13:30:00+00:00,BNK.PA_^FCHI,0.0012475579530089702,0.0010922588504672572,0.000155299102541713
2026-05-12 13:30:00+00:00,SPY_^GSPC,6.961309705543103e-05,4.9399605419446834e-05,2.02134916359842e-05
2026-05-12 13:30:00+00:00,QQQ_^NDX,0.00010504480991281584,9.992506097081081e-05,5.119748942005028e-06
2026-05-12 13:30:00+00:00,URTH_ACWI,0.0007769614366538872,0.0008189600195563874,-4.199858290250026e-05
2026-05-12 13:35:00+00:00,BNKE.L_^STOXX50E,0.0007137312414978928,0.0007286644061334346,-1.4933164635541813e-05
2026-05-12 13:35:00+00:00,SPY_^GSPC,7.505127971369292e-05,7.863857045414513e-05,-3.5872907404522125e-06
2026-05-12 13:35:00+00:00,URTH_ACWI,0.0007795387403525314,0.0008683199369247359,-8.87811965722045e-05
2026-05-12 13:35:00+00:00,QQQ_^NDX,0.00015558853736244554,0.00011938079126155137,3.6207746100894175e-05
2026-05-12 13:40:00+00:00,QQQ_^NDX,0.0002128805658802762,0.00019729158225347882,1.558898362679739e-05
2026-05-12 13:40:00+00:00,URTH_ACWI,0.000778908300349811,0.0008463161895617131,-6.740788921190204e-05
2026-05-12 13:40:00+00:00,BNK.PA_^FCHI,0.001259792125472365,0.001089983989701742,0.00016980813577062285
2026-05-12 13:40:00+00:00,SPY_^GSPC,7.504733907741289e-05,7.93028490414812e-05,-4.255509964068308e-06
2026-05-12 13:45:00+00:00,SPY_^GSPC,7.685656193377403e-05,6.7966968841906e-05,8.889593091868033e-06
2026-05-12 13:45:00+00:00,QQQ_^NDX,0.0002134288003839373,0.0002016990492665838,1.1729751117353518e-05
2026-05-12 13:45:00+00:00,BNK.PA_^FCHI,0.0014737303410652328,0.0010782408345620764,0.00039548950650315643
2026-05-12 13:45:00+00:00,BNKE.L_^STOXX50E,0.0009218906377252804,0.0007307078027119935,0.00019118283501328695
2026-05-12 13:45:00+00:00,URTH_ACWI,0.0007577014464275963,0.0008487759026877393,-9.107445626014296e-05
2026-05-12 13:50:00+00:00,QQQ_^NDX,0.00023182838390384887,0.00023567931083090133,-3.85092692705246e-06
2026-05-12 13:50:00+00:00,BNKE.L_^STOXX50E,0.0009234106994293522,0.0010321753865518114,-0.00010876468712245921
2026-05-12 13:50:00+00:00,SPY_^GSPC,9.883127082456633e-05,7.744054299559847e-05,2.1390727828967868e-05
2026-05-12 13:50:00+00:00,URTH_ACWI,0.0007575637477565683,0.0008404215799308157,-8.285783217424735e-05
2026-05-12 13:55:00+00:00,QQQ_^NDX,0.00023652660933642299,0.00023477379271022927,1.752816626193716e-06
2026-05-12 13:55:00+00:00,URTH_ACWI,0.0007568864973281546,0.0008693752603026128,-0.00011248876297445824
2026-05-12 13:55:00+00:00,SPY_^GSPC,9.949796067965747e-05,0.00010267789795790089,-3.1799372782434124e-06
2026-05-12 13:55:00+00:00,BNKE.L_^STOXX50E,0.000910323888915377,0.0010443387060502531,-0.00013401481713487616
2026-05-12 14:00:00+00:00,QQQ_^NDX,0.0002474878350001275,0.00024694417458788926,5.436604122382267e-07
2026-05-12 14:00:00+00:00,URTH_ACWI,0.0007598841798548518,0.0008670237414762296,-0.00010713956162137779
2026-05-12 14:00:00+00:00,SPY_^GSPC,0.00011349915510860111,9.957923780187772e-05,1.3919917306723392e-05
2026-05-12 14:05:00+00:00,BNK.PA_^FCHI,0.0014949918629931598,0.0011002097481858377,0.00039478211480732206
2026-05-12 14:05:00+00:00,BNKE.L_^STOXX50E,0.0009325042056401697,0.0009304601453106726,2.0440603294971313e-06
2026-05-12 14:05:00+00:00,URTH_ACWI,0.0007635008449324697,0.0008558067747697207,-9.230592983725102e-05
2026-05-12 14:05:00+00:00,SPY_^GSPC,0.00011428304727919518,0.00011708686121244971,-2.803813933254529e-06
2026-05-12 14:05:00+00:00,QQQ_^NDX,0.0002474714770927018,0.00024139707547398423,6.074401618717568e-06
2026-05-12 14:10:00+00:00,QQQ_^NDX,0.0002504431888548022,0.00024394218415960833,6.5010046951938976e-06
2026-05-12 14:10:00+00:00,SPY_^GSPC,0.00011627395729398138,0.00011739530501893701,-1.1213477249556324e-06
2026-05-12 14:10:00+00:00,URTH_ACWI,0.0007612515981219077,0.0008400116277463076,-7.876002962439992e-05
2026-05-12 14:10:00+00:00,BNKE.L_^STOXX50E,0.0009261411494791917,0.0009424552792730373,-1.6314129793845614e-05
2026-05-12 14:15:00+00:00,URTH_ACWI,0.0007604231155795908,0.0008153820311384927,-5.495891555890194e-05
2026-05-12 14:15:00+00:00,BNK.PA_^FCHI,0.0014869675758144357,0.0010789643483302574,0.0004080032274841783
2026-05-12 14:15:00+00:00,QQQ_^NDX,0.00025793717810665385,0.00023714393182387787,2.079324628277598e-05
2026-05-12 14:15:00+00:00,SPY_^GSPC,0.00011793694756848257,0.00011728482646025185,6.521211082307233e-07
2026-05-12 14:20:00+00:00,QQQ_^NDX,0.0002591433936204648,0.0002516522013599035,7.491192260561299e-06
2026-05-12 14:20:00+00:00,URTH_ACWI,0.0007604386813150598,0.0007245009936898903,3.593768762516947e-05
2026-05-12 14:20:00+00:00,SPY_^GSPC,0.00011891070454463921,0.00012968107523063016,-1.0770370685990956e-05
2026-05-12 14:25:00+00:00,BNK.PA_^FCHI,0.001506646198532052,0.001109964594063594,0.000396681604468458
2026-05-12 14:25:00+00:00,URTH_ACWI,0.0007584109579892846,0.0007188970480831275,3.9513909906157174e-05
2026-05-12 14:25:00+00:00,SPY_^GSPC,0.00011878483634575682,0.00011660924110239321,2.175595243363604e-06
2026-05-12 14:25:00+00:00,QQQ_^NDX,0.0002618980410091686,0.0002600699763073864,1.8280647017821774e-06
2026-05-12 14:30:00+00:00,QQQ_^NDX,0.00026276625726596444,0.00026963778864175914,-6.871531375794693e-06
2026-05-12 14:30:00+00:00,URTH_ACWI,0.0007584586636450142,0.0006965613504370587,6.189731320795555e-05
2026-05-12 14:30:00+00:00,SPY_^GSPC,0.00011739908996621082,0.00012068632370020713,-3.287233733996307e-06
2026-05-12 14:30:00+00:00,BNK.PA_^FCHI,0.0014293857754547133,0.001167020707405666,0.0002623650680490474
2026-05-12 14:30:00+00:00,BNKE.L_^STOXX50E,0.000937564713163744,0.0009713465101921503,-3.378179702840636e-05
2026-05-12 14:35:00+00:00,QQQ_^NDX,0.00026248947977637057,0.0002659256935442962,-3.4362137679256146e-06
2026-05-12 14:35:00+00:00,SPY_^GSPC,0.00011820149789661057,0.00013062983853817114,-1.242834064156057e-05
2026-05-12 14:35:00+00:00,URTH_ACWI,0.0007639106393943723,0.0007144592003398104,4.9451439054561965e-05
2026-05-12 14:35:00+00:00,BNK.PA_^FCHI,0.001406694110819873,0.0011483255126705377,0.0002583685981493353
2026-05-12 14:35:00+00:00,BNKE.L_^STOXX50E,0.0009282020974154696,0.0009036288395733516,2.4573257842118055e-05
2026-05-12 14:40:00+00:00,SPY_^GSPC,0.00011828081438816044,0.00011503347589361927,3.2473384945411714e-06
2026-05-12 14:40:00+00:00,QQQ_^NDX,0.0002575744125044143,0.0002514535258467082,6.120886657706107e-06
2026-05-12 14:40:00+00:00,BNKE.L_^STOXX50E,0.0009498432359825099,0.0009203134034429108,2.9529832539599145e-05
2026-05-12 14:40:00+00:00,URTH_ACWI,0.000776836555385031,0.0007123644453697053,6.447211001532572e-05
2026-05-12 14:40:00+00:00,BNK.PA_^FCHI,0.001398867004124879,0.0011677570769380284,0.0002311099271868507
2026-05-12 14:45:00+00:00,URTH_ACWI,0.0007793837171641804,0.0007216303585849026,5.775335857927783e-05
2026-05-12 14:45:00+00:00,BNK.PA_^FCHI,0.0014204927850526815,0.0010958222256341789,0.0003246705594185026
2026-05-12 14:45:00+00:00,SPY_^GSPC,0.00011832959235807627,0.00012425289054134275,-5.92329818326648e-06
2026-05-12 14:45:00+00:00,QQQ_^NDX,0.0002521781758295494,0.0002485504716264812,3.6277042030682244e-06
2026-05-12 14:50:00+00:00,SPY_^GSPC,0.00011737631164780208,0.00011416436998514055,3.2119416626615364e-06
2026-05-12 14:50:00+00:00,QQQ_^NDX,0.00025261342461106696,0.00023348912165608267,1.912430295498429e-05
2026-05-12 14:50:00+00:00,BNK.PA_^FCHI,0.0014039766750862943,0.0014803191726034516,-7.634249751715732e-05
2026-05-12 14:50:00+00:00,BNKE.L_^STOXX50E,0.0009477124962877019,0.000935629927927529,1.2082568360172901e-05
2026-05-12 14:50:00+00:00,URTH_ACWI,0.0007790494616837502,0.0007247135460864297,5.433591559732048e-05
2026-05-12 14:55:00+00:00,URTH_ACWI,0.0007790875565944072,0.0007256880843057686,5.3399472288638626e-05
2026-05-12 14:55:00+00:00,BNKE.L_^STOXX50E,0.0008983363829627448,0.0009280695282954329,-2.9733145332688153e-05
2026-05-12 14:55:00+00:00,SPY_^GSPC,0.00011627585181022042,0.00011376035249359514,2.5154993166252767e-06
2026-05-12 14:55:00+00:00,BNK.PA_^FCHI,0.0013201980903424853,0.0015266288421739496,-0.00020643075183146434
2026-05-12 14:55:00+00:00,QQQ_^NDX,0.000252095350434728,0.00029535627097393983,-4.326092053921185e-05
2026-05-12 15:00:00+00:00,SPY_^GSPC,0.00011780937230632571,0.00011568792767550753,2.121444630818182e-06
2026-05-12 15:00:00+00:00,URTH_ACWI,0.0007735124738819087,0.0007284158495980479,4.509662428386083e-05
2026-05-12 15:00:00+00:00,BNK.PA_^FCHI,0.0013720507231053647,0.0014449192398967299,-7.286851679136515e-05
2026-05-12 15:00:00+00:00,QQQ_^NDX,0.0002520068045969077,0.0002538605191780514,-1.8537145811437254e-06
2026-05-12 15:05:00+00:00,QQQ_^NDX,0.00024848258505552606,0.0002543062744613719,-5.823689405845848e-06
2026-05-12 15:05:00+00:00,SPY_^GSPC,0.0001138243321214009,0.00010626528764275823,7.559044478642666e-06
2026-05-12 15:05:00+00:00,BNK.PA_^FCHI,0.00136123431694941,0.0012886595115538728,7.257480539553732e-05
2026-05-12 15:05:00+00:00,URTH_ACWI,0.00030140762452965825,0.0003910316632998185,-8.962403877016027e-05
2026-05-12 15:10:00+00:00,BNK.PA_^FCHI,0.0012548331755301086,0.0013900860981447475,-0.00013525292261463897
2026-05-12 15:10:00+00:00,SPY_^GSPC,0.00010825527585973855,6.809867833532529e-05,4.015659752441326e-05
2026-05-12 15:10:00+00:00,QQQ_^NDX,0.0002542759598014546,0.0002834547689134486,-2.917880911199397e-05
2026-05-12 15:10:00+00:00,URTH_ACWI,0.0002556417210640786,0.0005061200621362993,-0.00025047834107222076
2026-05-12 15:10:00+00:00,BNKE.L_^STOXX50E,0.000983658583351284,0.0009323592058668922,5.129937748439182e-05
2026-05-12 15:15:00+00:00,SPY_^GSPC,0.00010588507503238084,9.701290888167393e-05,8.872166150706914e-06
2026-05-12 15:15:00+00:00,BNK.PA_^FCHI,0.001254403959176709,0.0012500570376254364,4.3469215512726995e-06
2026-05-12 15:15:00+00:00,URTH_ACWI,0.000252650236401373,0.0004893549223467257,-0.00023670468594535267
2026-05-12 15:15:00+00:00,QQQ_^NDX,0.0002280543269426297,0.00026154908281615695,-3.349475587352725e-05
2026-05-12 15:20:00+00:00,URTH_ACWI,0.00025366566372118655,0.0005374339107268593,-0.00028376824700567275
2026-05-12 15:20:00+00:00,BNK.PA_^FCHI,0.0012653555231538307,0.0012382613100359377,2.7094213117892984e-05
2026-05-12 15:20:00+00:00,SPY_^GSPC,0.00010613054790173744,8.674778083323955e-05,1.9382767068497884e-05
2026-05-12 15:20:00+00:00,BNKE.L_^STOXX50E,0.0009894570304482646,0.0009479315586530158,4.152547179524875e-05
2026-05-12 15:20:00+00:00,QQQ_^NDX,0.00018107033051732352,0.0002052746354724747,-2.4204304955151166e-05
2026-05-12 15:25:00+00:00,SPY_^GSPC,0.00010928483959596405,9.841019580930627e-05,1.0874643786657777e-05
2026-05-12 15:25:00+00:00,URTH_ACWI,0.00024602390233863036,0.0004911075066269863,-0.00024508360428835595
2026-05-12 15:25:00+00:00,QQQ_^NDX,0.00018765710104429525,0.0001561197419495252,3.153735909477005e-05
2026-05-12 15:30:00+00:00,QQQ_^NDX,0.00017863108365363058,0.00014721140277492752,3.141968087870306e-05
2026-05-12 15:30:00+00:00,SPY_^GSPC,9.046230783844023e-05,0.00010887348554144535,-1.8411177703005113e-05
2026-05-12 15:35:00+00:00,URTH_ACWI,0.0003068816030526017,0.0005067179991115554,-0.0001998363960589537
2026-05-12 15:35:00+00:00,QQQ_^NDX,0.00017496440223020547,0.00019173243377543136,-1.676803154522589e-05
2026-05-12 15:35:00+00:00,SPY_^GSPC,8.90032280665605e-05,6.48959942265746e-05,2.41072338399859e-05
2026-05-12 15:40:00+00:00,URTH_ACWI,0.00038039904930754645,0.0006571731805602253,-0.0002767741312526789
2026-05-12 15:40:00+00:00,QQQ_^NDX,0.00016152344591992005,0.00014096283920090146,2.0560606719018592e-05
2026-05-12 15:40:00+00:00,SPY_^GSPC,6.894032236161718e-05,8.250668642644489e-05,-1.3566364064827708e-05
2026-05-12 15:45:00+00:00,SPY_^GSPC,6.961777163702794e-05,7.082761856015922e-05,-1.209846923131284e-06
2026-05-12 15:45:00+00:00,URTH_ACWI,0.00037636476195838014,0.0005568431673296157,-0.00018047840537123552
2026-05-12 15:45:00+00:00,QQQ_^NDX,0.00016159631919499077,0.00015991373291268467,1.682586282306098e-06
2026-05-12 15:50:00+00:00,SPY_^GSPC,6.746895884939879e-05,7.839476992162519e-05,-1.0925811072226398e-05
2026-05-12 15:50:00+00:00,URTH_ACWI,0.00037026444980520716,0.00053140315872391,-0.0001611387089187029
2026-05-12 15:50:00+00:00,QQQ_^NDX,0.00015689950791081007,0.00015976600574606694,-2.866497835256874e-06
2026-05-12 15:55:00+00:00,URTH_ACWI,0.00037148076175345213,0.0005473403869598361,-0.000175859625206384
2026-05-12 15:55:00+00:00,QQQ_^NDX,0.00014412698102279407,0.00014398711808578615,1.3986293700792214e-07
2026-05-12 15:55:00+00:00,SPY_^GSPC,6.6133683598829e-05,7.299684353441347e-05,-6.863159935584462e-06
2026-05-12 16:00:00+00:00,SPY_^GSPC,6.119405215880814e-05,6.246559103955388e-05,-1.2715388807457397e-06
2026-05-12 16:00:00+00:00,URTH_ACWI,0.00037794771480125687,0.0005419057219723072,-0.00016395800717105034
2026-05-12 16:00:00+00:00,QQQ_^NDX,0.0001452154910556315,0.00015860634861035677,-1.3390857554725262e-05
2026-05-12 16:05:00+00:00,QQQ_^NDX,0.00015216935817010952,0.00016076342576328535,-8.594067593175827e-06
2026-05-12 16:05:00+00:00,SPY_^GSPC,6.199183018786993e-05,4.2461727836364467e-05,1.9530102351505463e-05
2026-05-12 16:05:00+00:00,URTH_ACWI,0.00037974819012304975,0.0005086255310249805,-0.00012887734090193071
2026-05-12 16:10:00+00:00,QQQ_^NDX,0.00014956738596388813,0.00015211998665185157,-2.5526006879634394e-06
2026-05-12 16:10:00+00:00,SPY_^GSPC,6.30812942375695e-05,5.5844840527530616e-05,7.236453710038889e-06
2026-05-12 16:10:00+00:00,URTH_ACWI,0.0003956540907837801,0.0005071092709165748,-0.00011145518013279474
2026-05-12 16:15:00+00:00,SPY_^GSPC,6.170564219527037e-05,3.598051198427537e-05,2.5725130210995003e-05
2026-05-12 16:15:00+00:00,URTH_ACWI,0.0004114479643898622,0.0005200092774358012,-0.00010856131304593902
2026-05-12 16:15:00+00:00,QQQ_^NDX,0.0001548181285988791,0.00020802681670822407,-5.320868810934496e-05
2026-05-12 16:20:00+00:00,SPY_^GSPC,6.165313003354734e-05,7.092552540556949e-05,-9.272395372022152e-06
2026-05-12 16:20:00+00:00,URTH_ACWI,0.00039782530762249137,0.0005375662756499431,-0.00013974096802745178
2026-05-12 16:20:00+00:00,QQQ_^NDX,0.00015514749761498165,0.0001753539696498272,-2.0206472034845554e-05
2026-05-12 16:25:00+00:00,SPY_^GSPC,6.159324169059358e-05,6.180641513718934e-05,-2.1317344659575591e-07
2026-05-12 16:25:00+00:00,QQQ_^NDX,0.00015486419876611826,0.00017620781877634542,-2.1343620010227162e-05
2026-05-12 16:25:00+00:00,URTH_ACWI,0.00037308977449805554,0.0005288327607313567,-0.0001557429862333012
2026-05-12 16:30:00+00:00,URTH_ACWI,0.0003684279742262046,0.00034067597416620433,2.7752000060000264e-05
2026-05-12 16:30:00+00:00,QQQ_^NDX,0.00015464615169727362,0.00016777880813174183,-1.3132656434468207e-05
2026-05-12 16:30:00+00:00,SPY_^GSPC,6.224846087053949e-05,6.232497111975103e-05,-7.651024921153911e-08
2026-05-12 16:35:00+00:00,URTH_ACWI,0.0003694432762366296,0.00034336033501928826,2.6082941217341342e-05
2026-05-12 16:35:00+00:00,SPY_^GSPC,6.068987876142262e-05,6.091206230135512e-05,-2.2218353993249843e-07
2026-05-12 16:35:00+00:00,QQQ_^NDX,0.00015493997993423566,0.00016435683139621676,-9.416851461981101e-06
2026-05-12 16:40:00+00:00,URTH_ACWI,0.00036984792975878615,0.0003300603583951527,3.978757136363344e-05
2026-05-12 16:40:00+00:00,QQQ_^NDX,0.00015527838338726807,0.00017768118372751048,-2.240280034024241e-05
2026-05-12 16:40:00+00:00,SPY_^GSPC,5.478998326769786e-05,4.976580101453046e-05,5.024182253167403e-06
2026-05-12 16:45:00+00:00,SPY_^GSPC,5.344236514324701e-05,4.7576258307976476e-05,5.866106835270537e-06
2026-05-12 16:45:00+00:00,URTH_ACWI,0.0003720684509886823,0.00034457231372624444,2.7496137262437862e-05
2026-05-12 16:45:00+00:00,QQQ_^NDX,0.00015575898697097886,0.00016401000354485787,-8.251016573879015e-06
2026-05-12 16:50:00+00:00,QQQ_^NDX,0.00014580182345038067,0.000161344163124797,-1.5542339674416315e-05
2026-05-12 16:50:00+00:00,SPY_^GSPC,5.277159079002692e-05,5.446221664646509e-05,-1.6906258564381728e-06
2026-05-12 16:50:00+00:00,URTH_ACWI,0.0003822260364138415,0.00033923105816878544,4.299497824505606e-05
2026-05-12 16:55:00+00:00,SPY_^GSPC,5.0410054057471214e-05,5.2626441506199914e-05,-2.2163874487286998e-06
2026-05-12 16:55:00+00:00,URTH_ACWI,0.000374314328894268,0.00037396058467158296,3.5374422268502625e-07
2026-05-12 16:55:00+00:00,QQQ_^NDX,0.0001439246448697965,0.0001442225988324943,-2.979539626978044e-07
2026-05-12 17:00:00+00:00,URTH_ACWI,0.0003748854850921547,0.00038050191285730184,-5.616427765147152e-06
2026-05-12 17:00:00+00:00,QQQ_^NDX,0.0001392765462034636,0.00013641886212887338,2.8576840745902035e-06
2026-05-12 17:00:00+00:00,SPY_^GSPC,5.0446751469108244e-05,5.932986491860045e-05,-8.883113449492208e-06
2026-05-12 17:05:00+00:00,URTH_ACWI,0.00037717358982604723,0.0003556516905719846,2.152189925406264e-05
2026-05-12 17:05:00+00:00,SPY_^GSPC,4.017758753359795e-05,6.171331981949098e-05,-2.1535732285893032e-05
2026-05-12 17:05:00+00:00,QQQ_^NDX,0.0001341185737900947,0.00014342233547512314,-9.303761685028447e-06
2026-05-12 17:10:00+00:00,SPY_^GSPC,3.78056014644629e-05,4.1342690717758093e-05,-3.5370892532951946e-06
2026-05-12 17:10:00+00:00,QQQ_^NDX,0.00011338761567589745,0.0001089743522032987,4.413263472598746e-06
2026-05-12 17:10:00+00:00,URTH_ACWI,0.00037787918697271245,0.0003290695432820908,4.8809643690621665e-05
2026-05-12 17:15:00+00:00,QQQ_^NDX,0.00010756626208877866,0.00010722385253518494,3.424095535937207e-07
2026-05-12 17:15:00+00:00,URTH_ACWI,0.0003324483214264257,0.00032739565049642877,5.0526709299969085e-06
2026-05-12 17:15:00+00:00,SPY_^GSPC,3.800988243171137e-05,4.264781200518564e-05,-4.6379295734742695e-06
2026-05-12 17:20:00+00:00,URTH_ACWI,0.00023921844816368363,0.0003499514078203834,-0.00011073295965669978
2026-05-12 17:20:00+00:00,QQQ_^NDX,0.00010958459269957379,0.0002393841298931681,-0.0001297995371935943
2026-05-12 17:20:00+00:00,SPY_^GSPC,3.857240251658438e-05,0.00020123954263173854,-0.00016266714011515415
2026-05-12 17:25:00+00:00,SPY_^GSPC,3.4071235652416274e-05,4.447622397542378e-05,-1.0404988323007503e-05
2026-05-12 17:25:00+00:00,QQQ_^NDX,0.00010964957339874398,0.00013894650741842402,-2.929693401968004e-05
2026-05-12 17:30:00+00:00,SPY_^GSPC,3.5049023216791604e-05,4.144839582916774e-05,-6.399372612376139e-06
2026-05-12 17:30:00+00:00,URTH_ACWI,0.0002435091003534416,0.000320658718859594,-7.71496185061524e-05
2026-05-12 17:30:00+00:00,QQQ_^NDX,0.0001095404730876153,0.00010887814527348067,6.623278141346307e-07
2026-05-12 17:35:00+00:00,SPY_^GSPC,3.1364111139410656e-05,2.442219949602151e-05,6.941911643389146e-06
2026-05-12 17:35:00+00:00,URTH_ACWI,0.00025651549640558864,0.0002985185048627464,-4.2003008457157755e-05
2026-05-12 17:35:00+00:00,QQQ_^NDX,0.00010950718703328264,0.00013565210770053455,-2.6144920667251907e-05
2026-05-12 17:40:00+00:00,URTH_ACWI,0.0002746968309248363,0.00030230428040558025,-2.7607449480743934e-05
2026-05-12 17:40:00+00:00,QQQ_^NDX,0.00010351197300188634,0.00011183390150306954,-8.321928501183197e-06
2026-05-12 17:40:00+00:00,SPY_^GSPC,3.2853636421402495e-05,3.9320542352508284e-05,-6.46690593110579e-06
2026-05-12 17:45:00+00:00,URTH_ACWI,0.0002768999253242518,0.00034936604014695774,-7.246611482270596e-05
2026-05-12 17:45:00+00:00,SPY_^GSPC,3.128524423390127e-05,4.429578956786821e-05,-1.301054533396694e-05
2026-05-12 17:45:00+00:00,QQQ_^NDX,8.671736980905597e-05,0.00010107968250737763,-1.4362312698321659e-05
2026-05-12 17:50:00+00:00,QQQ_^NDX,9.49247982199825e-05,8.21988031261364e-05,1.2725995093846107e-05
2026-05-12 17:50:00+00:00,URTH_ACWI,0.0002772854297393001,0.0003690493284722845,-9.176389873298443e-05
2026-05-12 17:50:00+00:00,SPY_^GSPC,2.9661090081103055e-05,4.99515720396268e-05,-2.0290481958523743e-05
2026-05-12 17:55:00+00:00,QQQ_^NDX,8.616654270896397e-05,9.824771815722466e-05,-1.2081175448260692e-05
2026-05-12 17:55:00+00:00,URTH_ACWI,0.0002595034255939241,0.00033174177618222676,-7.223835058830266e-05
2026-05-12 17:55:00+00:00,SPY_^GSPC,3.021908650398393e-05,4.47367187360815e-05,-1.451763223209757e-05
2026-05-12 18:00:00+00:00,QQQ_^NDX,8.48960328726622e-05,9.379831983257308e-05,-8.902286959910875e-06
2026-05-12 18:00:00+00:00,SPY_^GSPC,3.141467892991765e-05,4.3537814773298865e-05,-1.2123135843381214e-05
2026-05-12 18:00:00+00:00,URTH_ACWI,0.0002420115616901351,0.0003621549219109167,-0.00012014336022078161
2026-05-12 18:05:00+00:00,URTH_ACWI,0.00023572952123874773,0.0003055386425541943,-6.980912131544659e-05
2026-05-12 18:05:00+00:00,QQQ_^NDX,8.548520330095841e-05,8.603454125373509e-05,-5.493379527766822e-07
2026-05-12 18:05:00+00:00,SPY_^GSPC,3.513549733499041e-05,5.40306356467113e-05,-1.889513831172089e-05
2026-05-12 18:10:00+00:00,SPY_^GSPC,3.350966359938416e-05,3.961087639336872e-05,-6.1012127939845626e-06
2026-05-12 18:10:00+00:00,QQQ_^NDX,8.460558467289378e-05,8.018158754415841e-05,4.4239971287353695e-06
2026-05-12 18:10:00+00:00,URTH_ACWI,0.00027554686667703276,0.0003078886484401676,-3.2341781763134826e-05
2026-05-12 18:15:00+00:00,QQQ_^NDX,8.448585652140124e-05,7.03405691852167e-05,1.4145287336184544e-05
2026-05-12 18:15:00+00:00,SPY_^GSPC,3.5028185463730945e-05,4.4712128862321436e-05,-9.683943398590491e-06
2026-05-12 18:15:00+00:00,URTH_ACWI,0.0002641107325214465,0.0003828614779557095,-0.00011875074543426297
2026-05-12 18:20:00+00:00,QQQ_^NDX,8.160682705047715e-05,9.18943107102869e-05,-1.0287483659809744e-05
2026-05-12 18:20:00+00:00,SPY_^GSPC,3.6123719483400896e-05,4.90153737525425e-05,-1.2891654269141607e-05
2026-05-12 18:20:00+00:00,URTH_ACWI,0.0002702631196001294,0.00032261917561380405,-5.235605601367464e-05
2026-05-12 18:25:00+00:00,SPY_^GSPC,3.5179500599513777e-05,4.9812405768024815e-05,-1.4632905168511039e-05
2026-05-12 18:25:00+00:00,URTH_ACWI,0.0002701174828176271,0.0003559483198462648,-8.583083702863771e-05
2026-05-12 18:25:00+00:00,QQQ_^NDX,8.259652535265041e-05,8.009458328453722e-05,2.5019420681131978e-06
2026-05-12 18:30:00+00:00,URTH_ACWI,0.0002670240575071688,0.000343435196938351,-7.641113943118217e-05
2026-05-12 18:30:00+00:00,SPY_^GSPC,3.987547162756718e-05,5.135215737926055e-05,-1.1476685751693369e-05
2026-05-12 18:30:00+00:00,QQQ_^NDX,8.769492177663109e-05,0.00011079596821219069,-2.3101046435559602e-05
2026-05-12 18:35:00+00:00,URTH_ACWI,0.00026243411296810674,0.00030674112802980634,-4.43070150616996e-05
2026-05-12 18:35:00+00:00,QQQ_^NDX,9.624865605682553e-05,8.263453731039618e-05,1.3614118746429352e-05
2026-05-12 18:35:00+00:00,SPY_^GSPC,4.8777413892129395e-05,4.3326381508410656e-05,5.451032383718739e-06
2026-05-12 18:40:00+00:00,URTH_ACWI,0.0002638925295545766,0.0003545401845534278,-9.064765499885118e-05
2026-05-12 18:40:00+00:00,SPY_^GSPC,4.858140771134133e-05,5.377431772381591e-05,-5.192910012474576e-06
2026-05-12 18:40:00+00:00,QQQ_^NDX,9.853440744081044e-05,9.616886848639473e-05,2.3655389544157053e-06
2026-05-12 18:45:00+00:00,QQQ_^NDX,9.130746315758758e-05,0.00010462638172916074,-1.3318918571573159e-05
2026-05-12 18:45:00+00:00,URTH_ACWI,0.0002656626825387035,0.0003128914300796207,-4.7228747540917204e-05
2026-05-12 18:45:00+00:00,SPY_^GSPC,4.85661198675965e-05,5.2788007588637215e-05,-4.221887721040712e-06
2026-05-12 18:50:00+00:00,SPY_^GSPC,4.861756683834651e-05,5.289913377166633e-05,-4.281566933319818e-06
2026-05-12 18:50:00+00:00,URTH_ACWI,0.0002637382041785901,0.0003155884957327269,-5.1850291554136777e-05
2026-05-12 18:50:00+00:00,QQQ_^NDX,9.288414729669298e-05,9.550931236340365e-05,-2.625165066710676e-06
2026-05-12 18:55:00+00:00,URTH_ACWI,0.0002829636264905846,0.00029164523849967275,-8.681612009088123e-06
2026-05-12 18:55:00+00:00,SPY_^GSPC,4.81105142893031e-05,5.110008937845255e-05,-2.989575089149453e-06
2026-05-12 18:55:00+00:00,QQQ_^NDX,9.206138549934708e-05,9.097958718873008e-05,1.0817983106170055e-06
2026-05-12 19:00:00+00:00,SPY_^GSPC,4.915303203256812e-05,5.0915039468439635e-05,-1.7620074358715133e-06
2026-05-12 19:00:00+00:00,URTH_ACWI,0.0002828377403400198,0.000346344083939288,-6.350634359926819e-05
2026-05-12 19:00:00+00:00,QQQ_^NDX,0.00010392975976635476,9.714342526776354e-05,6.786334498591219e-06
2026-05-12 19:05:00+00:00,URTH_ACWI,0.00028334172588662874,0.00033192540757167964,-4.85836816850509e-05
2026-05-12 19:05:00+00:00,SPY_^GSPC,5.244054144884867e-05,5.798301663712986e-05,-5.5424751882811955e-06
2026-05-12 19:05:00+00:00,QQQ_^NDX,0.00011539983825021292,9.3629428100995e-05,2.1770410149217923e-05
2026-05-12 19:10:00+00:00,URTH_ACWI,0.00028200944727887757,0.00031905702785909565,-3.704758058021808e-05
2026-05-12 19:10:00+00:00,SPY_^GSPC,5.127772669060401e-05,6.110581820057034e-05,-9.828091509966334e-06
2026-05-12 19:10:00+00:00,QQQ_^NDX,0.00011539822489937852,0.00010358636964035466,1.1811855259023866e-05
2026-05-12 19:15:00+00:00,SPY_^GSPC,5.513480261106784e-05,7.01086762824852e-05,-1.4973873671417357e-05
2026-05-12 19:15:00+00:00,QQQ_^NDX,0.00011523129264788543,0.0001446920363149856,-2.9460743667100183e-05
2026-05-12 19:15:00+00:00,URTH_ACWI,0.00026978384047844124,0.0003781402235199704,-0.00010835638304152915
2026-05-12 19:20:00+00:00,URTH_ACWI,0.0002510151244516145,0.0002835544550283201,-3.25393305767056e-05
2026-05-12 19:20:00+00:00,SPY_^GSPC,5.713684109166424e-05,5.794928378000553e-05,-8.124426883412847e-07
2026-05-12 19:20:00+00:00,QQQ_^NDX,0.00011499956199731896,0.00011519471112760499,-1.9514913028602203e-07
2026-05-12 19:25:00+00:00,QQQ_^NDX,0.00011498160070378935,0.00012155850839983933,-6.576907696049982e-06
2026-05-12 19:25:00+00:00,SPY_^GSPC,5.705941881157215e-05,5.977126309281527e-05,-2.711844281243118e-06
2026-05-12 19:30:00+00:00,URTH_ACWI,0.00024476376438071487,0.00027433423966369215,-2.9570475282977285e-05
2026-05-12 19:30:00+00:00,SPY_^GSPC,5.6875960200649894e-05,5.908279672339243e-05,-2.2068365227425336e-06
2026-05-12 19:30:00+00:00,QQQ_^NDX,0.00010906765322407047,0.0001179342306548557,-8.866577430785227e-06
2026-05-12 19:35:00+00:00,URTH_ACWI,0.0002495700299533358,0.00038075264967640885,-0.00013118261972307308
2026-05-12 19:35:00+00:00,QQQ_^NDX,0.0001077148701043191,0.00014774901307705783,-4.003414297273873e-05
2026-05-12 19:35:00+00:00,SPY_^GSPC,5.692363943732864e-05,0.00022423324866506126,-0.00016730960922773261
2026-05-12 19:40:00+00:00,SPY_^GSPC,5.738801913927981e-05,7.167027358515718e-05,-1.4282254445877376e-05
2026-05-12 19:40:00+00:00,QQQ_^NDX,0.00010839106440056526,0.00011100559238304047,-2.614527982475217e-06
2026-05-12 19:40:00+00:00,URTH_ACWI,0.00023522410322039916,0.00027707339866301517,-4.184929544261601e-05
2026-05-12 19:45:00+00:00,URTH_ACWI,0.00024212236278150603,0.00027129832673989496,-2.9175963958388932e-05
2026-05-12 19:45:00+00:00,SPY_^GSPC,5.763938265427186e-05,6.499099402050827e-05,-7.351611366236409e-06
2026-05-12 19:45:00+00:00,QQQ_^NDX,0.00010746678491461296,0.00010292859351722465,4.538191397388311e-06
2026-05-12 19:50:00+00:00,QQQ_^NDX,0.00010796281774435325,0.00011034169034339725,-2.378872599044003e-06
2026-05-12 19:50:00+00:00,SPY_^GSPC,6.445943884372682e-05,6.554625396159891e-05,-1.0868151178720941e-06
2026-05-12 19:50:00+00:00,URTH_ACWI,0.00024300062081271303,0.0002581351738846059,-1.5134553071892898e-05
